{
  "feat_0": 1.939223210143214e-10,
  "feat_1": 0.01492393634054688,
  "feat_2": 0.3601167539143243,
  "feat_3": 0.7067836357306294,
  "feat_4": 0.8385789954373035
}